id,name,description,price
1,Olenolin,Re-engineered,28706
2,Fannie,zero tolerance,39120
3,Patrice,Object-based,24326
4,Vasili,mission-critical,15059
5,Elvis,synergy,4471
6,Ase,Total,41615
7,Stephenie,directional,32472
8,Fredia,Integrated,37397
9,Stephanie,Down-sized,38355
10,Micheil,Right-sized,10000
11,Elden,Front-line,30222
12,Tedmund,Synchronised,34686
13,Gannie,Front-line,4699
14,Madelin,Upgradable,46564
15,Jocelyn,encompassing,24870
16,Alvie,Organic,40335
17,Deerdre,service-desk,37017
18,Harrison,Managed,6120
19,Jamey,migration,33571
20,Raychel,Ergonomic,16261
21,Carl,upward-trending,22836
22,Jenine,challenge,10289
23,Karlens,Synergized,47239
24,Alina,zero defect,9255
25,Bret,Up-sized,20514
26,Kayne,didactic,30336
27,Imogen,capability,45227
28,Ram,Sharable,45160
29,Philippine,maximized,22010
30,Hercule,reciprocal,32488
31,Jamesy,contingency,26651
32,Merilee,Vision-oriented,36738
33,Dietrich,interactive,32724
34,Mile,encoding,15691
35,Clarey,Programmable,16171
36,Brewster,foreground,25511
37,Hewe,Multi-lateral,16828
38,Westleigh,archive,5435
39,Tammara,parallelism,13075
40,Orv,installation,22385
41,Sherlocke,secondary,2571
42,Elton,secondary,27362
43,Wyndham,workforce,11784
44,Wheeler,Persistent,27531
45,Sibeal,discrete,19745
46,Alessandro,access,2830
47,Norine,alliance,18973
48,Tracee,analyzer,38150
49,Raphaela,Persistent,4650
50,Aldous,client-driven,43361
51,Herold,local area network,43919
52,Bale,Ameliorated,7100
53,Kary,algorithm,23491
54,Kaleena,Organic,16278
55,Cornall,open system,10154
56,Melonie,global,32336
57,Mariya,dedicated,16890
58,Dorella,knowledge base,31524
59,Quentin,De-engineered,22309
60,Salomone,upward-trending,41937
61,Gilbertine,clear-thinking,24038
62,Lanny,6th generation,42544
63,Petra,neural-net,10739
64,Ronnie,demand-driven,26197
65,Ethelred,systemic,37339
66,Tine,exuding,34176
67,Carmita,application,18526
68,Bryna,Synergized,26953
69,Damita,local area network,34724
70,Mariska,Business-focused,38016
71,Kory,explicit,36058
72,Tova,bifurcated,27378
73,Shanan,methodology,28337
74,Kiri,clear-thinking,22748
75,Quinn,uniform,46641
76,Ileane,well-modulated,33848
77,Winnie,bandwidth-monitored,6372
78,Krystalle,Fully-configurable,41960
79,Brannon,4th generation,25803
80,Jennette,Monitored,6163
81,Rubin,Business-focused,47136
82,Sven,project,2630
83,Vachel,bifurcated,3444
84,Silvester,function,27635
85,Lincoln,workforce,21020
86,Sharron,holistic,45282
87,Francois,multimedia,47093
88,Ola,service-desk,33607
89,Val,Open-architected,23222
90,Sigismondo,intangible,17965
91,Almeda,empowering,41805
92,Aubert,homogeneous,29163
93,Javier,website,22089
94,Doll,data-warehouse,39992
95,Liva,bandwidth-monitored,41231
96,Susanna,initiative,2559
97,Selena,installation,32761
98,Nancy,workforce,45486
99,Duffy,orchestration,13961
100,Sabrina,toolset,16805
101,Norton,24/7,39521
102,Corri,Implemented,36519
103,Melly,Inverse,36116
104,Amaleta,firmware,39949
105,Ring,access,26968
106,Phil,modular,13794
107,Kameko,background,46894
108,Bail,capacity,42613
109,Hannah,attitude-oriented,29667
110,Ulrica,database,47718
111,Nariko,context-sensitive,2558
112,Hillel,Up-sized,16687
113,Brooks,model,34493
114,Darsey,Reduced,43684
115,Gardener,holistic,40936
116,Tanhya,application,27586
117,Ezra,focus group,8901
118,Merrile,actuating,21979
119,Hussein,encryption,13614
120,Melisenda,model,14246
121,Ernesto,knowledge base,14468
122,Dasie,5th generation,43930
123,Michele,strategy,31718
124,Artur,asymmetric,12432
125,Clerkclaude,Proactive,46033
126,Georgine,6th generation,43860
127,Jasun,moderator,26214
128,Margarita,intermediate,36276
129,Elbertine,encryption,18725
130,Luella,Graphical User Interface,38686
131,Ruthi,Profound,32383
132,Jacenta,Sharable,3547
133,Susi,bi-directional,22034
134,Lyndy,User-centric,19846
135,Angelia,emulation,22981
136,Halsy,24/7,36872
137,Ham,Multi-lateral,32220
138,Lena,Organic,45107
139,Marjorie,secured line,28036
140,Consalve,Optimized,26325
141,Kriste,Intuitive,6962
142,Bryce,installation,39228
143,Lyon,Quality-focused,29882
144,Welsh,Polarised,6942
145,Alberta,Advanced,40857
146,Myrtia,Open-source,10531
147,Free,Open-architected,13309
148,Lindsey,Focused,10942
149,Tiffi,Pre-emptive,36114
150,Eduino,secured line,23409
151,Evy,focus group,1602
152,Leonard,benchmark,19457
153,Armand,knowledge user,42975
154,Lauri,coherent,17486
155,Ansel,Centralized,26611
156,Bordie,task-force,32838
157,Ellyn,Expanded,27930
158,Penny,Progressive,49799
159,Alexandro,structure,30135
160,Kizzie,Re-contextualized,27853
161,Francois,demand-driven,1187
162,Prescott,approach,49318
163,Janice,data-warehouse,4319
164,Sawyere,cohesive,38858
165,Mabelle,solution-oriented,34962
166,Kally,Optimized,14594
167,Cordi,methodical,3321
168,Brinna,Universal,5266
169,Simona,encompassing,43451
170,Drona,function,6935
171,Happy,architecture,30444
172,Rosa,Versatile,21636
173,Sib,real-time,38874
174,Berkly,hierarchy,40138
175,Annnora,composite,35425
176,Alessandro,explicit,12528
177,Trevar,Face to face,35649
178,Mariska,Assimilated,41331
179,Cordelie,circuit,6991
180,Tammi,paradigm,6552
181,Odella,protocol,28051
182,Odille,collaboration,23102
183,Tiler,data-warehouse,36321
184,Jeanelle,attitude-oriented,9080
185,Jud,Upgradable,26059
186,George,tangible,43875
187,Berne,Optional,37448
188,Lovell,Multi-tiered,6713
189,Zeb,Multi-tiered,41937
190,Marlie,solution,16108
191,Stan,policy,32101
192,Farra,Configurable,2225
193,Elena,secured line,32258
194,Kizzee,radical,44313
195,Theobald,Innovative,10820
196,Tracey,asynchronous,38794
197,Erma,synergy,10811
198,Abeu,modular,12531
199,Angelica,hierarchy,2962
200,Michaeline,extranet,13439
201,Wain,intangible,23701
202,Angus,logistical,22138
203,Wayland,radical,29804
204,Nicholle,Diverse,42694
205,Isak,focus group,24557
206,Kort,Robust,23905
207,Greta,Cross-platform,22852
208,Alfie,middleware,22788
209,Marja,secured line,3612
210,Eduardo,Innovative,49466
211,George,transitional,18278
212,Bev,transitional,2490
213,Corrinne,throughput,48880
214,Lilli,cohesive,33390
215,Hyatt,systematic,47822
216,Feodora,internet solution,42998
217,Torr,system engine,29083
218,Cele,Ameliorated,20282
219,Nikita,Synergistic,46159
220,Farley,Multi-channelled,37775
221,Mariska,flexibility,13031
222,Oralie,disintermediate,22622
223,Seamus,tangible,47345
224,Bel,hierarchy,8734
225,Jolyn,encompassing,21951
226,Malinda,fault-tolerant,2442
227,Cathe,success,38814
228,Pru,firmware,44355
229,Kerby,intangible,34768
230,Ellyn,content-based,10769
231,Darill,Compatible,2530
232,Eda,Assimilated,44320
233,Buffy,exuding,4890
234,Jennica,Public-key,45356
235,Devland,optimizing,25163
236,George,budgetary management,44105
237,Angelita,customer loyalty,16352
238,Mariellen,clear-thinking,27449
239,Jocelyn,moderator,12535
240,Nathalie,definition,49251
241,Bil,leading edge,14287
242,Byran,Customer-focused,4205
243,Reeba,circuit,44714
244,Benedikt,customer loyalty,7103
245,Kylen,object-oriented,2865
246,Fenelia,Graphic Interface,34281
247,Bret,scalable,9669
248,Davy,tertiary,28301
249,Sibbie,knowledge base,40570
250,Daisey,Reactive,1474
251,Mitchael,Devolved,4684
252,Gawen,clear-thinking,2177
253,Jakie,algorithm,3381
254,Egbert,coherent,28490
255,Camilla,Operative,13319
256,Feliks,throughput,25078
257,Barbra,Devolved,32352
258,Ted,customer loyalty,9927
259,Lotte,open system,20480
260,Karola,database,14088
261,Lonee,maximized,18798
262,Talbert,4th generation,27417
263,Jemima,intranet,29921
264,Hillary,Integrated,13757
265,Mommy,groupware,15040
266,Say,core,4496
267,Marrilee,systemic,12773
268,Kerrill,Distributed,5028
269,Nonie,infrastructure,45022
270,Heindrick,intermediate,48032
271,Clementina,implementation,11880
272,Nate,local,13554
273,Nara,object-oriented,6854
274,Stillman,Synchronised,25116
275,Red,Networked,30743
276,Alie,Face to face,47854
277,Kimberly,mobile,7877
278,Gennie,maximized,34843
279,Guglielma,Polarised,3916
280,Pepe,Multi-channelled,38826
281,Marillin,software,9862
282,Joshia,optimizing,9280
283,Candi,Re-engineered,29731
284,Asia,fault-tolerant,46646
285,Orel,Optional,33438
286,Cletis,initiative,4346
287,Clay,Streamlined,24073
288,Celka,didactic,45405
289,Waldemar,Enhanced,40193
290,Justino,Profound,21394
291,Fay,De-engineered,40855
292,Ingram,Managed,16922
293,Odetta,De-engineered,5067
294,Kenyon,dedicated,25402
295,Roz,Down-sized,38635
296,Carrissa,ability,25435
297,Milissent,Virtual,23582
298,Paxton,migration,19545
299,Stinky,Re-engineered,40823
300,Hobie,Ameliorated,25938
301,Lita,regional,37764
302,Vevay,human-resource,29149
303,Carl,optimal,42525
304,Bernadine,context-sensitive,17306
305,Nellie,composite,12734
306,Austin,circuit,5262
307,Lester,methodical,2384
308,Pincus,dedicated,49295
309,Michail,methodology,39383
310,Marieann,frame,25326
311,Gerti,utilisation,39416
312,Tarah,firmware,38309
313,Vonny,national,22248
314,Lanette,multimedia,24682
315,Garv,regional,27927
316,Michell,toolset,24846
317,Cherie,Programmable,49895
318,Shauna,algorithm,3047
319,Darnell,content-based,16518
320,Catlaina,intangible,19032
321,Dorena,Enhanced,33159
322,Barbabra,Innovative,26055
323,Brier,encoding,5348
324,Swen,impactful,9875
325,Merrilee,analyzing,37704
326,Gavrielle,multi-state,8503
327,Loria,Virtual,2516
328,Nelly,groupware,26497
329,Aubry,human-resource,6076
330,Bernetta,capacity,15751
331,Lizabeth,non-volatile,29371
332,Antonin,Public-key,11657
333,Mikaela,Cloned,34507
334,Lavinie,Proactive,19172
335,Martainn,explicit,13390
336,Vergil,Fully-configurable,11046
337,Myles,Assimilated,24136
338,Marilee,User-friendly,9804
339,Emilia,asynchronous,27105
340,Cortie,Re-engineered,6639
341,Karrie,motivating,2475
342,Annice,system engine,15095
343,Doug,even-keeled,5380
344,Elias,website,27946
345,Hodge,User-centric,18974
346,Dianemarie,Managed,38761
347,Thorn,collaboration,2681
348,Allix,algorithm,43864
349,Myrle,collaboration,41764
350,Clive,collaboration,39698
351,Lark,Managed,43658
352,Thaddeus,Open-architected,22065
353,Teddie,Operative,39686
354,Shauna,exuding,6667
355,Chev,logistical,45194
356,Dido,capacity,25082
357,Alissa,upward-trending,49809
358,Creight,Managed,12922
359,Harold,collaboration,12102
360,Garry,Advanced,23089
361,Lucila,Configurable,21494
362,Massimiliano,help-desk,18165
363,Brendis,Centralized,10339
364,Pauly,bifurcated,13443
365,Atlante,Right-sized,45282
366,Micheline,multimedia,36977
367,Marsha,matrices,49112
368,Frannie,client-driven,38711
369,Leah,extranet,43680
370,Garrard,scalable,1015
371,Corbet,infrastructure,42484
372,Barnabe,approach,22670
373,Wainwright,user-facing,30000
374,Tracey,tertiary,9832
375,Penelopa,system-worthy,20728
376,Emmye,encryption,12183
377,Marsha,Synchronised,32863
378,Desdemona,Down-sized,47497
379,Rozina,moratorium,39402
380,Marylinda,solution-oriented,25156
381,Millicent,open architecture,6108
382,Chet,Cross-platform,2975
383,Farlay,internet solution,47007
384,Basilio,Realigned,41943
385,Svend,multimedia,15667
386,Carola,Phased,12843
387,Doris,explicit,7055
388,Devin,high-level,37192
389,Janaya,collaboration,25968
390,Tiphany,Multi-tiered,5850
391,Mathe,Proactive,37100
392,Stirling,attitude-oriented,2312
393,Lesly,budgetary management,30169
394,Jodi,synergy,9022
395,Henry,definition,16088
396,Lebbie,mobile,45847
397,Garnet,complexity,48949
398,Rosita,demand-driven,21509
399,Ashley,analyzing,21801
400,Vonnie,success,39438
401,Sharia,Enhanced,13531
402,Eleanor,hybrid,23725
403,Wyatan,Virtual,44103
404,Aube,Phased,35729
405,Calley,Implemented,16420
406,Emanuel,approach,18193
407,Doralynne,Polarised,23866
408,Elijah,national,10628
409,Steve,groupware,44961
410,Temp,executive,47801
411,Thurstan,modular,13002
412,Shepard,Graphical User Interface,7827
413,Liuka,Progressive,49714
414,Carita,Assimilated,10682
415,Cordie,cohesive,9259
416,Marcel,national,4512
417,Yale,interactive,3086
418,Eve,Self-enabling,26720
419,Stepha,leverage,17843
420,Theodosia,User-friendly,10233
421,Baillie,implementation,45950
422,Rori,Fundamental,40431
423,Francklin,capacity,36473
424,Ettore,budgetary management,20903
425,Gretchen,De-engineered,37562
426,Fina,customer loyalty,12619
427,Mia,Self-enabling,23311
428,Harrison,synergy,44936
429,Winthrop,benchmark,45080
430,Barn,Networked,4375
431,Raquel,Focused,21635
432,Sharline,Devolved,15207
433,Crystie,transitional,48044
434,Emmy,Assimilated,7594
435,Anastasia,Innovative,38719
436,Hernando,Optimized,21698
437,Rebbecca,next generation,49796
438,Billie,exuding,18629
439,Ahmed,incremental,43978
440,Jolene,Phased,4377
441,Irvin,matrix,8118
442,Leandra,incremental,7531
443,Boony,multi-state,16951
444,Neila,Realigned,28252
445,Dari,coherent,15218
446,Briana,help-desk,2132
447,Imogene,even-keeled,34634
448,Spencer,Stand-alone,44432
449,Teddie,Profit-focused,7344
450,Florina,high-level,20950
451,Aldin,application,34601
452,Tommi,customer loyalty,40753
453,Maddalena,3rd generation,23259
454,Erin,Advanced,38757
455,Eamon,software,47374
456,Loreen,asymmetric,33891
457,Jori,process improvement,8716
458,Carrissa,neural-net,29709
459,Mignonne,Persevering,44053
460,Christos,Proactive,35734
461,Amargo,Realigned,42822
462,Kathi,regional,30957
463,Meggie,fresh-thinking,26351
464,Jaye,encoding,8059
465,Barnabe,secured line,31565
466,Athene,Public-key,7523
467,Daniel,eco-centric,16188
468,Evaleen,static,23487
469,Fons,Public-key,1765
470,Wendall,Adaptive,23534
471,Lorry,24 hour,49327
472,Karrie,superstructure,4156
473,Filia,moderator,19238
474,Joby,encompassing,1865
475,Taffy,Focused,12481
476,Fidela,national,9652
477,Blisse,solution,46865
478,Tedmund,asymmetric,24494
479,Baudoin,24 hour,37296
480,Berkly,task-force,35138
481,Diane-marie,concept,45197
482,Ester,tangible,40979
483,Amalie,non-volatile,17813
484,Alexis,benchmark,11503
485,Michail,uniform,35974
486,Sib,global,38520
487,Hewie,logistical,9933
488,Del,budgetary management,41965
489,Gilligan,Self-enabling,47415
490,Elana,tertiary,45900
491,Thorsten,Front-line,29126
492,Maire,conglomeration,45264
493,Erroll,toolset,42241
494,Honoria,info-mediaries,26490
495,Zorana,exuding,7898
496,Esteban,intermediate,11328
497,Minna,stable,6047
498,Shelli,Robust,39251
499,Ruben,Function-based,25921
500,Laura,Open-source,24966
501,Mellie,regional,38475
502,Ruthann,Mandatory,31496
503,Shandeigh,functionalities,49241
504,Faustina,pricing structure,28314
505,Sigrid,Down-sized,9317
506,Elbert,neural-net,35768
507,Tabor,Phased,37505
508,Kial,methodology,12237
509,Clio,Secured,8284
510,Monty,leading edge,26779
511,Siana,Seamless,24326
512,Kimball,Profit-focused,43561
513,Melly,Exclusive,25132
514,Kristal,radical,2991
515,Jarib,fault-tolerant,26320
516,Link,monitoring,5340
517,Jan,bandwidth-monitored,12325
518,Georas,asynchronous,17913
519,Kylie,adapter,12836
520,Mead,Customizable,38838
521,Harvey,internet solution,35178
522,Kenon,asymmetric,27648
523,Jude,matrices,39339
524,Odele,firmware,18669
525,Nev,Object-based,28475
526,Melli,Automated,43158
527,Taber,Vision-oriented,11653
528,Crissy,function,30909
529,Lanette,heuristic,25836
530,Giorgia,fresh-thinking,36986
531,Mil,De-engineered,48309
532,Franciska,open architecture,41485
533,Elston,Horizontal,36402
534,Ely,cohesive,39627
535,Ynez,Realigned,40149
536,Quincy,local,7939
537,Joanie,global,20669
538,Aldon,extranet,34445
539,Demetra,directional,26442
540,Ajay,Enterprise-wide,45997
541,Barth,next generation,17410
542,Christine,scalable,3833
543,Edwina,flexibility,23632
544,Grazia,Virtual,18659
545,Silvester,Managed,31441
546,Svend,methodical,19854
547,Bibi,Phased,43416
548,Walsh,Down-sized,18219
549,Lizzie,parallelism,20024
550,Carey,stable,23347
551,Averil,bifurcated,34398
552,Rodger,definition,1714
553,Gizela,Mandatory,3679
554,Davide,matrices,13452
555,Hugibert,local area network,5923
556,Willetta,holistic,42742
557,Minette,task-force,1120
558,Bert,groupware,42236
559,Yoshiko,internet solution,6736
560,Murray,capability,5724
561,Zach,human-resource,15873
562,Claretta,fresh-thinking,21485
563,Wrennie,firmware,20491
564,Lolly,Exclusive,7082
565,Blair,concept,24718
566,Oswell,Polarised,22726
567,Ketty,capacity,3108
568,Kizzee,Proactive,19595
569,Humberto,attitude,30424
570,Joete,software,44200
571,Kara-lynn,Front-line,27317
572,Heloise,Team-oriented,29117
573,Kent,mobile,20758
574,Sosanna,Centralized,19328
575,Luis,functionalities,17571
576,Josephine,solution,18817
577,Basilio,coherent,47371
578,Aggi,portal,25913
579,Bret,Visionary,20373
580,Idelle,Triple-buffered,32922
581,Kassi,migration,4221
582,Samson,Advanced,42627
583,Harmonie,installation,23234
584,Nettie,Managed,17156
585,Vidovik,architecture,15606
586,Brannon,focus group,12401
587,Duke,Open-source,27668
588,Conny,Horizontal,27045
589,Paolo,portal,18427
590,Sherye,Future-proofed,12456
591,Agustin,protocol,16605
592,Gerry,artificial intelligence,45233
593,Kai,Universal,45077
594,Virgina,Persevering,28450
595,Konstantine,Compatible,41011
596,Kerri,3rd generation,10752
597,Tani,Fully-configurable,42275
598,Lari,instruction set,10962
599,Nobe,Assimilated,3579
600,Oneida,throughput,10698
601,Rudolfo,Future-proofed,31332
602,Dewain,Upgradable,13349
603,Chrissy,tangible,4597
604,Sybilla,Reduced,45347
605,Gisella,Seamless,8592
606,Raynell,groupware,5915
607,Tobie,multi-tasking,32117
608,Ava,radical,37737
609,Dar,function,11601
610,Mason,client-server,2213
611,Boigie,clear-thinking,34581
612,Tyne,leverage,16186
613,Danya,Diverse,39352
614,Donnie,implementation,45909
615,Jolyn,3rd generation,31752
616,Orazio,Synergistic,19603
617,Leesa,Intuitive,47674
618,Winifred,Cross-group,30802
619,Emilee,cohesive,19354
620,Hanson,real-time,6370
621,Maure,instruction set,25121
622,Sybilla,system engine,28606
623,Prinz,standardization,43670
624,Sallee,multimedia,17570
625,Maurie,Ameliorated,9410
626,Adriane,Face to face,15698
627,Kleon,paradigm,29536
628,Dotty,capability,35441
629,Matelda,Vision-oriented,4803
630,Dredi,Progressive,36073
631,Verile,Graphical User Interface,6641
632,Kimberley,neutral,14815
633,Ole,toolset,42111
634,Aldrich,mobile,14802
635,Carrie,Public-key,28350
636,Hesther,Robust,16563
637,Melisse,dynamic,4987
638,Lora,throughput,6930
639,Tomas,knowledge user,3349
640,Janela,Programmable,43300
641,Steffie,Ameliorated,10200
642,Bartlett,support,9027
643,Rebeka,User-centric,14371
644,Chad,coherent,20539
645,Carolynn,algorithm,43262
646,Kathye,capability,32041
647,Etienne,hierarchy,48050
648,Kellie,regional,20532
649,Shannen,interface,30673
650,Rad,non-volatile,41395
651,Edmon,conglomeration,46444
652,Rikki,contextually-based,39611
653,Myles,challenge,45604
654,Sarine,Sharable,33136
655,Marti,background,16899
656,Ilaire,open system,26749
657,Aron,foreground,13620
658,Fania,array,25818
659,Berkie,hierarchy,45407
660,Larisa,Monitored,42294
661,Jaquenette,Organized,47223
662,Jerrie,artificial intelligence,3202
663,Pauli,focus group,29747
664,Agustin,Secured,30986
665,Roselle,Robust,11092
666,Gallagher,encryption,36763
667,Morie,support,33953
668,Gay,context-sensitive,29326
669,Haley,full-range,8671
670,Dorris,Triple-buffered,36473
671,Sisile,encryption,37675
672,Ashley,didactic,29918
673,Erich,Extended,42036
674,Sasha,Synergistic,5736
675,Mallissa,user-facing,2294
676,Salvidor,didactic,42248
677,Vanya,static,21696
678,Gratiana,local,43686
679,Ethe,protocol,32259
680,Jacqueline,implementation,39125
681,Rycca,zero defect,3564
682,Ashley,approach,3365
683,Cheri,encompassing,8998
684,Mord,function,23714
685,Lannie,Decentralized,15813
686,Arley,customer loyalty,49831
687,Ole,help-desk,39785
688,Worth,executive,35130
689,Brucie,structure,42020
690,Vaclav,open system,8436
691,Evvie,Networked,24355
692,Augustine,Public-key,3032
693,Mureil,conglomeration,33475
694,Missy,Exclusive,33322
695,Melly,static,12739
696,Banky,Open-architected,15810
697,Hendrick,portal,4587
698,Jenine,Multi-channelled,23578
699,Barbara,parallelism,28941
700,Jaimie,Diverse,16951
701,Ben,contextually-based,22851
702,Atlanta,policy,28538
703,Debora,Persevering,19641
704,Franny,access,39280
705,Hammad,moratorium,34256
706,Alyssa,Optimized,14181
707,Kessia,moderator,34649
708,Roi,alliance,39836
709,Whitaker,installation,33457
710,Tim,alliance,9058
711,Doralia,impactful,11412
712,Malynda,encryption,40406
713,Stanwood,pricing structure,12182
714,Herb,implementation,7863
715,Viole,content-based,49137
716,Ethelred,demand-driven,7752
717,Curr,modular,8336
718,Brande,impactful,4513
719,Domenic,Cloned,20923
720,Ettie,scalable,44962
721,Alexandros,fresh-thinking,14223
722,Marti,secured line,46061
723,Georgy,Function-based,6574
724,Cissy,Function-based,8210
725,Sawyer,system engine,19704
726,Harlen,intranet,27366
727,Julita,systematic,34876
728,Caron,Multi-tiered,45296
729,Shelli,Vision-oriented,32799
730,Jacenta,Seamless,6498
731,Vanni,bandwidth-monitored,27004
732,Hussein,focus group,10320
733,Tibold,encryption,23803
734,Lebbie,Focused,41934
735,Artair,circuit,7853
736,Brett,process improvement,3029
737,Marian,Decentralized,44441
738,Lynn,fault-tolerant,16997
739,Mortie,Expanded,41105
740,Joellyn,executive,30221
741,Alexandrina,Enhanced,7493
742,Clemens,Innovative,25284
743,Ulric,Managed,23566
744,Gerladina,solution-oriented,30594
745,Michel,collaboration,30749
746,Alessandro,asynchronous,10409
747,Stearn,national,5756
748,Antone,product,9558
749,Jarrid,local,39763
750,Dmitri,matrix,22689
751,Artemus,array,33648
752,Nari,Seamless,39157
753,Averell,Open-architected,47526
754,Abie,website,13202
755,Ced,task-force,17128
756,Travus,logistical,2899
757,Rainer,time-frame,15924
758,Ugo,well-modulated,19880
759,Max,hierarchy,34166
760,Dani,local,27453
761,Anneliese,middleware,1129
762,Marquita,zero defect,22840
763,Carroll,ability,43334
764,Maddie,Cross-group,45648
765,Muriel,benchmark,5932
766,Ulrikaumeko,array,42756
767,Asia,systemic,41385
768,Barb,intranet,19920
769,Skelly,explicit,4871
770,Mylo,mission-critical,24976
771,Johnette,Optional,47215
772,Faun,pricing structure,49309
773,Trueman,Open-architected,11286
774,Nikkie,heuristic,46100
775,Bertrando,algorithm,39034
776,Maxi,workforce,2599
777,Vivienne,User-centric,1773
778,Winona,fresh-thinking,28438
779,Christen,Streamlined,2949
780,Chadd,Vision-oriented,29947
781,Percy,Centralized,46799
782,Delora,circuit,20797
783,Mona,collaboration,38625
784,Diana,superstructure,14113
785,Janeta,Optional,31932
786,Sax,encryption,38385
787,Burke,24/7,43825
788,Kile,Organized,16996
789,Abbey,internet solution,42798
790,Cordy,Operative,17898
791,Sonni,portal,23443
792,Madelon,knowledge base,24745
793,Ardyth,explicit,41000
794,Ferdinanda,Ameliorated,29863
795,Kipper,Function-based,17492
796,Merrill,dynamic,25555
797,Eberto,neutral,49854
798,Aleen,impactful,10789
799,Grazia,Vision-oriented,29234
800,Isac,website,12338
801,Hamlen,scalable,18056
802,Blake,24 hour,14897
803,Dalenna,superstructure,44345
804,Brocky,Universal,18080
805,Adler,Future-proofed,31299
806,Jedidiah,knowledge user,45849
807,Niki,Robust,4411
808,Franklyn,mission-critical,40642
809,Currey,Up-sized,8721
810,Helaine,methodology,29902
811,Angie,parallelism,27747
812,Maible,Graphic Interface,8151
813,Ives,help-desk,3012
814,Jabez,Visionary,11898
815,Dar,Open-architected,28645
816,Roze,stable,20110
817,Nil,zero defect,43125
818,Lee,ability,40101
819,Cairistiona,Ameliorated,38868
820,Catina,Self-enabling,15228
821,Hagan,time-frame,43707
822,Heidie,adapter,5824
823,Codee,knowledge base,43397
824,Christian,adapter,10113
825,Katrinka,matrix,26840
826,Ashly,project,19745
827,Gerianne,user-facing,49470
828,Kirby,throughput,33884
829,Virgie,Balanced,47012
830,Aura,Networked,6452
831,Ciro,artificial intelligence,4018
832,Hamish,migration,17017
833,Eveleen,utilisation,28904
834,Nydia,Mandatory,17904
835,Baudoin,emulation,12966
836,Teador,24 hour,37156
837,Eamon,motivating,7704
838,Winny,secondary,47239
839,Shaylah,context-sensitive,18710
840,Katrine,discrete,31127
841,Dulcea,Intuitive,7324
842,Loleta,adapter,28733
843,Peterus,complexity,15629
844,Fernande,paradigm,10720
845,Estele,Mandatory,49155
846,Dorey,moratorium,24366
847,Marin,Vision-oriented,42383
848,Cornelius,internet solution,30165
849,Lilas,global,16924
850,Kandy,attitude,15796
851,Conchita,Programmable,19133
852,Jaclin,Grass-roots,16618
853,Delphinia,Pre-emptive,17863
854,Burk,fault-tolerant,33039
855,Kathe,Function-based,28229
856,Suki,Managed,16202
857,Edi,access,27416
858,Geoffrey,Vision-oriented,23334
859,Klemens,encoding,27407
860,Corinna,flexibility,8737
861,Broddie,Reactive,48999
862,Ilse,collaboration,18958
863,Sollie,radical,5269
864,Bret,regional,9277
865,Giacomo,internet solution,30459
866,Ruprecht,Multi-layered,6821
867,Sibilla,Monitored,38435
868,Allyn,adapter,40922
869,Philippa,intranet,6933
870,Shannah,functionalities,12429
871,Harwilll,Seamless,24082
872,Agace,bi-directional,21533
873,Mariam,time-frame,2942
874,Jeannine,analyzing,10777
875,Kelly,info-mediaries,23348
876,Rikki,value-added,46713
877,Willow,intermediate,40169
878,Marylee,internet solution,18767
879,Ailey,interface,12743
880,Richardo,Customer-focused,35738
881,Hewe,Cloned,1728
882,Marcos,Stand-alone,7414
883,Uri,Profit-focused,48044
884,Marianna,tertiary,28773
885,Isadore,neural-net,31537
886,Berni,Reduced,6536
887,Quinlan,focus group,40319
888,Natassia,groupware,8221
889,Devonne,flexibility,39079
890,Agathe,Pre-emptive,16940
891,Leanora,Streamlined,21015
892,Steffi,Multi-channelled,45439
893,Natalina,Horizontal,39690
894,Babita,Robust,44111
895,Vally,clear-thinking,27224
896,Rogers,Self-enabling,48242
897,Katrinka,Monitored,28251
898,Catie,Implemented,47976
899,Micaela,Persistent,3690
900,Filide,algorithm,1665
901,Kristi,Front-line,27446
902,Milissent,extranet,42862
903,Curtis,initiative,20852
904,Iver,Fully-configurable,46742
905,Hester,foreground,14585
906,Phedra,leading edge,4642
907,Christen,Profound,8877
908,Estelle,needs-based,6617
909,Lauren,Distributed,3557
910,Erwin,application,34079
911,Allianora,didactic,13869
912,Sammie,Quality-focused,12743
913,Stanton,leverage,42622
914,Vicki,collaboration,34973
915,Cathryn,software,45578
916,Jecho,knowledge base,48105
917,Constance,Streamlined,14253
918,Dulce,Digitized,11104
919,Dahlia,responsive,46578
920,Betteann,extranet,44000
921,Jdavie,Optimized,44822
922,Shermy,solution-oriented,15690
923,Pooh,analyzing,43876
924,Addia,collaboration,44124
925,Consolata,frame,27320
926,Anallise,explicit,12568
927,Chrissy,executive,4430
928,Leigh,function,22660
929,Thor,static,36543
930,Shannon,benchmark,9786
931,Flem,Decentralized,44983
932,Merrick,multi-state,13691
933,Melina,real-time,34127
934,Chickie,Re-contextualized,21911
935,Dareen,Digitized,8357
936,Debee,disintermediate,38998
937,Dav,open architecture,20209
938,Nanci,throughput,15603
939,Wallas,monitoring,38840
940,Jacklyn,Progressive,44462
941,Rebekkah,knowledge user,47953
942,Alvera,discrete,20318
943,Neal,open architecture,6357
944,Kessia,Polarised,32160
945,Robbie,hybrid,31960
946,Odelia,demand-driven,44271
947,Son,Fully-configurable,47669
948,Joete,standardization,46762
949,Lek,maximized,47177
950,Malina,Organized,27908
951,Nichols,model,24191
952,Alex,project,28388
953,Rhodia,parallelism,5557
954,Neil,ability,36638
955,Ingar,optimizing,3402
956,Abrahan,intangible,36027
957,Sindee,service-desk,19361
958,Ruthann,even-keeled,35783
959,Lynett,foreground,13045
960,Warde,paradigm,34261
961,Mozelle,middleware,6905
962,Neville,Switchable,27652
963,Barbabas,reciprocal,34858
964,Valerie,analyzing,23560
965,Brandie,global,40200
966,Ashlan,Innovative,29515
967,Pavia,Open-architected,17141
968,Shandeigh,Intuitive,23535
969,Reinaldo,Future-proofed,35991
970,Esme,website,39138
971,Doretta,multimedia,2077
972,Goraud,core,13974
973,Ania,mobile,8604
974,Alida,functionalities,43543
975,Franky,bi-directional,34296
976,Brant,standardization,23124
977,Micaela,Cloned,13011
978,Noemi,value-added,29132
979,Kathy,web-enabled,6849
980,Ricki,Visionary,19453
981,Rayshell,Centralized,17576
982,Henrietta,attitude-oriented,39827
983,Jorie,user-facing,47553
984,Mildrid,hybrid,7337
985,Nani,Reactive,39421
986,Bailey,Managed,37243
987,Gena,complexity,30908
988,Jean,web-enabled,45405
989,Teodoro,Assimilated,30294
990,Maddy,Integrated,38616
991,Gael,algorithm,25673
992,Chere,local area network,25846
993,Vassily,zero administration,8830
994,Marion,Persevering,10810
995,Deeann,value-added,22360
996,Matty,Mandatory,5952
997,Nichole,superstructure,36103
998,Patrice,cohesive,45697
999,Bell,object-oriented,30364
1000,Janetta,demand-driven,36931
